X,Y,Z,Log_X,Sqrt_Y,Square_Z,Exp_X,Sum_XY
17,4,25,2.833213344056216,2.0,625,24154952.7535753,21
32,10,35,3.4657359027997265,3.1622776601683795,1225,78962960182680.69,42
15,11,3,2.70805020110221,3.3166247903554,9,3269017.3724721107,26
25,17,25,3.218875824868201,4.123105625617661,625,72004899337.38588,42
6,14,12,1.791759469228055,3.741657386773941,144,403.4287934927351,20
